[
{"id":1,"name":"Ramesh","company":"LG CNS Global Pvt.Ltd","designation":"Tech Lead","emailAddress":"ramesh.konda@gmail.com"},
{"id":2,"name":"Romin","company":"Robert Bosch India Limited","designation":"System Analyst","emailAddress":"romin.k.irani@gmail.com"},
{"id":3,"name":"Robert Smith","company":"Trigyn Technologies Ltd.","designation":"Senior Software Engineer","emailAddress":"RobertSmith@gmail.com"},
{"id":4,"name":"Trevor Smith","company":"TCG Software Services Pvt. Ltd","designation":"Tech Lead","emailAddress":"RTrevorSmith@gmail.com"},
{"id":5,"name":"Smith","company":"SkyTECH Solutions Pvt Ltd.","designation":"Project Lead","emailAddress":"SmithRobert@gmail.com"},
{"id":6,"name":"John Smith","company":" NeST Information Technology (P) Ltd.","designation":"Project Manager","emailAddress":"john.smith@gmail.com"},
{"id":7,"name":"Michael","company":"Hughes Software Systems","designation":"Program Manager","emailAddress":"clauss.michael@gmail.com"},
{"id":8,"name":"Gabril","company":"Honeywell India S/w Operations","designation":"Software Engineer","emailAddress":"gabrielthefallenangel@gmail.com"},
{"id":9,"name":"raphael","company":"gooDCM Technologies","designation":"Software Developer","emailAddress":"raphaelmischievous@gmail.com"}
]
